"Date","Time","Battery(%)","Note"
"11/18/19","17:45:02","52","level changed, screen on, charge off"
"11/18/19","17:45:02","52","monitor enabled, screen on, charge off"
"11/18/19","17:45:02","52","level changed, screen on, charge off"
"11/18/19","17:49:52","51","level changed, screen on, charge off"
"11/18/19","17:55:45","50","level changed, screen on, charge off"
"11/18/19","17:56:04","50","level changed, screen off, charge off"
"11/18/19","17:56:32","50","level changed, screen on, charge off"
"11/18/19","17:59:01","50","level changed, screen off, charge off"
"11/18/19","18:01:28","50","level changed, screen on, charge off"
"11/18/19","18:01:45","50","level changed, screen off, charge off"
"11/18/19","18:01:54","50","level changed, screen on, charge off"
"11/18/19","18:02:02","50","level changed, screen off, charge off"
"11/18/19","18:05:10","49","level changed, screen off, charge off"
"11/18/19","18:08:57","49","level changed, screen on, charge off"
"11/18/19","18:09:14","49","level changed, screen off, charge off"
"11/18/19","18:17:48","49","level changed, screen on, charge off"
"11/18/19","18:17:58","49","level changed, screen off, charge off"
"11/18/19","18:21:20","49","level changed, screen on, charge off"
"11/18/19","18:21:24","49","level changed, screen off, charge off"
"11/18/19","18:45:00","49","level changed, screen on, charge off"
"11/18/19","18:45:12","49","level changed, screen off, charge off"
"11/18/19","18:45:39","49","level changed, screen on, charge off"
"11/18/19","18:45:51","49","level changed, screen off, charge off"
"11/18/19","18:46:40","48","level changed, screen off, charge off"
"11/18/19","18:47:35","48","level changed, screen on, charge off"
"11/18/19","18:47:45","48","level changed, screen off, charge off"
"11/18/19","18:50:10","48","level changed, screen on, charge off"
"11/18/19","18:50:55","47","level changed, screen on, charge off"
"11/18/19","18:51:14","47","level changed, screen off, charge off"
"11/18/19","18:51:26","47","level changed, screen on, charge off"
"11/18/19","18:53:26","47","level changed, screen off, charge off"
"11/18/19","19:00:46","47","level changed, screen on, charge off"
"11/18/19","19:00:49","47","level changed, screen off, charge off"
"11/18/19","19:03:30","47","level changed, screen on, charge off"
"11/18/19","19:04:44","46","level changed, screen on, charge off"
"11/18/19","19:08:47","45","level changed, screen on, charge off"
"11/18/19","19:12:11","45","level changed, screen off, charge off"
"11/18/19","19:12:14","44","level changed, screen off, charge off"
"11/18/19","20:01:59","43","level changed, screen off, charge off"
"11/18/19","20:08:21","43","level changed, screen on, charge off"
"11/18/19","20:08:31","43","level changed, screen off, charge off"
"11/18/19","20:18:19","43","level changed, screen on, charge off, device idle on"
"11/18/19","20:18:34","43","level changed, screen off, charge off"
"11/18/19","20:43:14","43","level changed, screen on, charge off"
"11/18/19","20:43:21","43","level changed, screen off, charge off"
"11/18/19","20:45:54","42","level changed, screen off, charge off"
"11/18/19","21:04:53","42","level changed, screen on, charge off"
"11/18/19","21:05:07","42","level changed, screen off, charge off"
"11/18/19","21:13:57","42","level changed, screen on, charge off"
"11/18/19","21:13:58","42","level changed, screen off, charge off"
"11/18/19","21:29:51","41","level changed, screen off, charge off"
"11/18/19","21:30:26","41","level changed, screen on, charge off"
"11/18/19","21:32:16","41","level changed, screen off, charge off"
"11/18/19","21:48:22","40","level changed, screen off, charge off"
"11/18/19","21:54:23","40","level changed, screen on, charge off"
"11/18/19","21:54:25","40","level changed, screen off, charge off"
"11/18/19","22:11:22","40","screen on, charge off"
"11/18/19","22:11:23","40","level changed, screen off, charge off"
"11/18/19","22:11:29","40","level changed, screen on, charge off"
"11/18/19","22:11:39","40","level changed, screen off, charge off"
"11/18/19","22:17:15","40","level changed, screen on, charge off"
"11/18/19","22:17:16","40","level changed, screen off, charge off"
"11/18/19","22:21:59","40","level changed, screen on, charge off"
"11/18/19","22:22:07","40","level changed, screen off, charge off"
"11/18/19","22:25:54","40","level changed, screen on, charge off"
"11/18/19","22:25:59","40","level changed, screen off, charge off"
"11/18/19","22:26:32","40","level changed, screen on, charge off"
"11/18/19","22:27:33","39","level changed, screen on, charge off"
"11/18/19","22:32:37","38","level changed, screen on, charge off"
"11/18/19","22:33:00","38","level changed, screen off, charge off"
"11/18/19","22:36:09","38","level changed, screen on, charge off"
"11/18/19","22:36:19","38","level changed, screen off, charge off"
"11/18/19","22:44:10","38","level changed, screen on, charge off"
"11/18/19","22:44:11","38","level changed, screen off, charge off"
"11/18/19","22:44:33","38","level changed, screen on, charge off"
"11/18/19","22:44:42","38","level changed, screen off, charge off"
"11/18/19","22:49:42","38","level changed, screen on, charge off"
"11/18/19","22:51:42","38","level changed, screen off, charge off"
"11/18/19","22:51:43","38","screen on, charge off"
"11/18/19","22:51:55","38","level changed, screen off, charge off"
"11/18/19","22:56:36","37","level changed, screen off, charge off"
"11/18/19","23:02:22","37","level changed, screen on, charge off"
"11/18/19","23:02:27","37","level changed, screen off, charge off"
"11/18/19","23:26:57","37","level changed, screen on, charge off"
"11/18/19","23:27:24","37","level changed, screen off, charge off"
"11/18/19","23:31:26","37","level changed, screen on, charge off"
"11/18/19","23:31:27","37","level changed, screen off, charge off"
"11/18/19","23:54:19","36","level changed, screen off, charge off"
"11/18/19","23:58:10","36","level changed, screen on, charge off"
"11/18/19","23:58:26","36","level changed, screen off, charge off"
"11/19/19","00:15:26","36","level changed, screen on, charge off"
"11/19/19","00:15:41","36","level changed, screen off, charge off"
"11/19/19","00:26:43","36","level changed, screen on, charge off"
"11/19/19","00:26:45","36","level changed, screen off, charge off"
"11/19/19","00:42:13","36","level changed, screen on, charge off"
"11/19/19","00:42:29","36","level changed, screen off, charge off"
"11/19/19","00:43:17","35","level changed, screen off, charge off"
"11/19/19","00:53:23","35","level changed, screen on, charge off"
"11/19/19","00:53:24","35","level changed, screen off, charge off"
"11/19/19","01:00:48","35","level changed, screen on, charge off"
"11/19/19","01:00:52","35","level changed, screen off, charge off"
"11/19/19","01:02:29","35","level changed, screen on, charge off"
"11/19/19","01:03:06","35","level changed, screen off, charge off"
"11/19/19","01:04:38","35","level changed, screen on, charge off"
"11/19/19","01:04:42","35","level changed, screen off, charge off"
"11/19/19","01:11:26","35","level changed, screen on, charge off"
"11/19/19","01:11:34","35","level changed, screen off, charge off"
"11/19/19","01:12:29","34","level changed, screen off, charge off"
"11/19/19","01:13:28","34","level changed, screen on, charge off"
"11/19/19","01:13:36","34","level changed, screen off, charge off"
"11/19/19","01:20:58","34","level changed, screen on, charge off"
"11/19/19","01:21:05","34","level changed, screen off, charge off"
"11/19/19","01:23:20","34","level changed, screen on, charge off"
"11/19/19","01:23:28","34","level changed, screen off, charge off"
"11/19/19","01:25:11","34","level changed, screen on, charge off"
"11/19/19","01:27:28","33","level changed, screen on, charge off"
"11/19/19","01:32:13","33","level changed, screen on, charge on"
"11/19/19","01:32:59","34","level changed, screen on, charge on"
"11/19/19","01:33:35","35","level changed, screen on, charge on"
"11/19/19","01:34:05","36","level changed, screen on, charge on"
"11/19/19","01:34:35","37","level changed, screen on, charge on"
"11/19/19","01:35:05","38","level changed, screen on, charge on"
"11/19/19","01:35:35","39","level changed, screen on, charge on"
"11/19/19","01:36:05","40","level changed, screen on, charge on"
"11/19/19","01:36:35","41","level changed, screen on, charge on"
"11/19/19","01:37:05","42","level changed, screen on, charge on"
"11/19/19","01:37:35","43","level changed, screen on, charge on"
"11/19/19","01:38:05","44","level changed, screen on, charge on"
"11/19/19","01:38:35","45","level changed, screen on, charge on"
"11/19/19","01:39:05","46","level changed, screen on, charge on"
"11/19/19","01:39:41","47","level changed, screen on, charge on"
"11/19/19","01:40:10","48","level changed, screen on, charge on"
"11/19/19","01:40:40","49","level changed, screen on, charge on"
"11/19/19","01:41:10","50","level changed, screen on, charge on"
"11/19/19","01:41:40","51","level changed, screen on, charge on"
"11/19/19","01:42:10","52","level changed, screen on, charge on"
"11/19/19","01:43:10","54","level changed, screen on, charge on"
"11/19/19","01:43:40","55","level changed, screen on, charge on"
"11/19/19","01:44:10","56","level changed, screen on, charge on"
"11/19/19","01:44:46","57","level changed, screen on, charge on"
"11/19/19","01:45:16","58","level changed, screen on, charge on"
"11/19/19","01:46:16","60","level changed, screen on, charge on"
"11/19/19","01:46:46","61","level changed, screen on, charge on"
"11/19/19","01:47:22","62","level changed, screen on, charge on"
"11/19/19","01:47:58","63","level changed, screen on, charge on"
"11/19/19","01:48:34","64","level changed, screen on, charge on"
"11/19/19","01:49:10","65","level changed, screen on, charge on"
"11/19/19","01:49:46","66","level changed, screen on, charge on"
"11/19/19","01:50:21","67","level changed, screen on, charge on"
"11/19/19","01:50:57","68","level changed, screen on, charge on"
"11/19/19","01:51:33","69","level changed, screen on, charge on"
"11/19/19","01:52:09","70","level changed, screen on, charge on"
"11/19/19","01:52:57","71","level changed, screen on, charge on"
"11/19/19","01:53:51","72","level changed, screen on, charge on"
"11/19/19","01:54:45","73","level changed, screen on, charge on"
"11/19/19","01:55:45","74","level changed, screen on, charge on"
"11/19/19","01:56:39","75","level changed, screen on, charge on"
"11/19/19","01:57:39","76","level changed, screen on, charge on"
"11/19/19","01:58:33","77","level changed, screen on, charge on"
"11/19/19","01:59:33","78","level changed, screen on, charge on"
"11/19/19","02:00:27","79","level changed, screen on, charge on"
"11/19/19","02:01:27","80","level changed, screen on, charge on"
"11/19/19","02:02:21","81","level changed, screen on, charge on"
"11/19/19","02:03:15","82","level changed, screen on, charge on"
"11/19/19","02:04:14","83","level changed, screen on, charge on"
"11/19/19","02:05:08","84","level changed, screen on, charge on"
"11/19/19","02:06:27","85","level changed, screen on, charge on"
"11/19/19","02:07:43","86","level changed, screen on, charge on"
"11/19/19","02:09:09","87","level changed, screen on, charge on"
"11/19/19","02:10:41","88","level changed, screen on, charge on"
"11/19/19","02:12:13","89","level changed, screen on, charge on"
"11/19/19","02:13:53","90","level changed, screen on, charge on"
"11/19/19","02:15:43","91","level changed, screen on, charge on"
"11/19/19","02:17:39","92","level changed, screen on, charge on"
"11/19/19","02:19:43","93","level changed, screen on, charge on"
"11/19/19","02:22:00","94","level changed, screen on, charge on"
"11/19/19","02:24:31","95","level changed, screen on, charge on"
"11/19/19","02:27:13","96","level changed, screen on, charge on"
"11/19/19","02:30:20","97","level changed, screen on, charge on"
"11/19/19","02:33:32","98","level changed, screen on, charge on"
"11/19/19","02:37:19","99","level changed, screen on, charge on"
"11/19/19","02:41:32","100","level changed, screen on, charge on"
"11/19/19","02:54:02","100","level changed, screen off, charge on"
"11/19/19","07:43:53","100","unplug, screen on"
"11/19/19","07:44:03","100","level changed, screen off, charge off"
"11/19/19","08:25:01","100","level changed, screen on, charge off"
"11/19/19","08:27:51","99","level changed, screen on, charge off"
"11/19/19","08:32:57","99","level changed, screen off, charge off"
"11/19/19","08:43:41","99","level changed, screen on, charge off"
"11/19/19","08:44:45","98","level changed, screen on, charge off"
"11/19/19","08:45:49","98","level changed, screen off, charge off"
"11/19/19","08:47:48","98","level changed, screen on, charge off"
"11/19/19","08:51:43","97","level changed, screen on, charge off"
"11/19/19","08:57:48","96","level changed, screen on, charge off"
"11/19/19","09:04:01","96","level changed, screen off, charge off"
"11/19/19","09:04:03","96","screen on, charge off"
"11/19/19","09:04:17","95","level changed, screen on, charge off"
"11/19/19","09:09:33","94","level changed, screen on, charge off"
"11/19/19","09:09:49","94","level changed, screen off, charge off"
"11/19/19","09:10:49","94","level changed, screen on, charge off"
"11/19/19","09:10:52","94","level changed, screen off, charge off"
"11/19/19","09:10:54","94","level changed, screen on, charge off"
"11/19/19","09:14:59","94","level changed, screen off, charge off"
"11/19/19","09:17:21","94","level changed, screen on, charge off"
"11/19/19","09:18:47","93","level changed, screen on, charge off"
"11/19/19","09:20:42","93","level changed, screen off, charge off"
"11/19/19","09:20:50","93","level changed, screen on, charge off"
"11/19/19","09:22:53","93","level changed, screen off, charge off"
"11/19/19","09:23:34","93","level changed, screen on, charge off"
"11/19/19","09:24:11","93","level changed, screen off, charge off"
"11/19/19","09:24:32","93","level changed, screen on, charge off"
"11/19/19","09:24:33","93","screen off, charge off"
"11/19/19","09:24:34","93","level changed, screen on, charge off"
"11/19/19","09:24:35","93","screen off, charge off"
"11/19/19","09:25:00","93","level changed, screen on, charge off"
"11/19/19","09:25:01","93","level changed, screen off, charge off"
"11/19/19","09:25:13","93","level changed, screen on, charge off"
"11/19/19","09:25:15","93","level changed, screen off, charge off"
"11/19/19","09:26:11","92","level changed, screen off, charge off"
"11/19/19","09:26:27","92","level changed, screen on, charge off"
"11/19/19","09:27:03","92","level changed, screen off, charge off"
"11/19/19","09:27:45","92","level changed, screen on, charge off"
"11/19/19","09:27:52","92","level changed, screen off, charge off"
"11/19/19","09:28:13","92","level changed, screen on, charge off"
"11/19/19","09:28:15","92","screen off, charge off"
"11/19/19","09:28:16","92","level changed, screen on, charge off"
"11/19/19","09:30:53","91","level changed, screen on, charge off"
"11/19/19","09:31:47","91","level changed, screen off, charge off"
"11/19/19","09:32:05","91","level changed, screen on, charge off"
"11/19/19","09:34:31","90","level changed, screen on, charge off"
"11/19/19","09:35:38","90","level changed, screen off, charge off"
"11/19/19","09:36:39","90","level changed, screen on, charge off"
"11/19/19","09:37:21","90","level changed, screen off, charge off"
"11/19/19","09:37:50","90","level changed, screen on, charge off"
"11/19/19","09:38:31","90","level changed, screen off, charge off"
"11/19/19","09:39:17","90","level changed, screen on, charge off"
"11/19/19","09:39:18","90","level changed, screen off, charge off"
"11/19/19","09:40:13","90","level changed, screen on, charge off"
"11/19/19","09:40:14","90","level changed, screen off, charge off"
"11/19/19","09:44:56","90","level changed, screen on, charge off"
"11/19/19","09:45:06","90","level changed, screen off, charge off"
"11/19/19","09:45:14","90","screen on, charge off"
"11/19/19","09:45:28","90","level changed, screen off, charge off"
"11/19/19","09:45:42","90","level changed, screen on, charge off"
"11/19/19","09:46:01","90","level changed, screen off, charge off"
"11/19/19","09:48:40","89","level changed, screen off, charge off"
"11/19/19","10:00:10","89","level changed, screen on, charge off"
"11/19/19","10:00:52","89","level changed, screen off, charge off"
"11/19/19","10:03:24","88","level changed, screen off, charge off"
"11/19/19","10:04:26","88","level changed, screen on, charge off"
"11/19/19","10:04:38","88","level changed, screen off, charge off"
"11/19/19","10:06:47","88","level changed, screen on, charge off"
"11/19/19","10:06:59","88","level changed, screen off, charge off"
"11/19/19","10:07:07","88","level changed, screen on, charge off"
"11/19/19","10:07:15","88","level changed, screen off, charge off"
"11/19/19","10:09:46","87","level changed, screen off, charge off"
"11/19/19","10:12:17","86","level changed, screen off, charge off"
"11/19/19","10:19:51","85","level changed, screen off, charge off"
"11/19/19","10:24:19","85","level changed, screen on, charge off"
"11/19/19","10:24:23","85","level changed, screen off, charge off"
"11/19/19","10:26:55","84","level changed, screen off, charge off"
"11/19/19","10:29:26","84","level changed, screen on, charge off"
"11/19/19","10:29:41","84","level changed, screen off, charge off"
"11/19/19","10:29:55","84","level changed, screen on, charge off"
"11/19/19","10:30:52","83","level changed, screen on, charge off"
"11/19/19","10:32:04","83","level changed, screen off, charge off"
"11/19/19","10:39:39","82","level changed, screen off, charge off"
"11/19/19","10:40:26","82","level changed, screen on, charge off"
"11/19/19","10:41:12","82","level changed, screen off, charge off"
"11/19/19","10:59:16","81","level changed, screen off, charge off"
"11/19/19","11:04:55","81","level changed, screen on, charge off"
"11/19/19","11:05:08","81","level changed, screen off, charge off"
"11/19/19","11:14:46","81","level changed, screen on, charge off"
"11/19/19","11:15:46","80","level changed, screen on, charge off"
"11/19/19","11:16:33","80","level changed, screen off, charge off"
"11/19/19","11:18:46","80","level changed, screen on, charge off"
"11/19/19","11:19:48","79","level changed, screen on, charge off"
"11/19/19","11:20:10","79","level changed, screen off, charge off"
"11/19/19","11:20:26","79","level changed, screen on, charge off"
"11/19/19","11:20:55","79","level changed, screen off, charge off"
"11/19/19","11:21:24","79","level changed, screen on, charge off"
"11/19/19","11:21:26","79","level changed, screen off, charge off"
"11/19/19","11:22:00","79","level changed, screen on, charge off"
"11/19/19","11:22:11","79","level changed, screen off, charge off"
"11/19/19","11:26:41","79","level changed, screen on, charge off"
"11/19/19","11:26:49","79","level changed, screen off, charge off"
"11/19/19","11:28:17","79","level changed, screen on, charge off"
"11/19/19","11:29:18","78","level changed, screen on, charge off"
"11/19/19","11:33:21","77","level changed, screen on, charge off"
"11/19/19","11:36:08","77","level changed, screen off, charge off"
"11/19/19","11:36:09","77","level changed, screen on, charge off"
"11/19/19","11:36:13","77","level changed, screen off, charge off"
"11/19/19","11:38:38","77","level changed, screen on, charge off"
"11/19/19","11:39:40","76","level changed, screen on, charge off"
"11/19/19","11:40:34","76","level changed, screen off, charge off"
"11/19/19","11:57:46","76","level changed, screen on, charge off"
"11/19/19","11:57:57","76","level changed, screen off, charge off"
"11/19/19","11:59:27","76","level changed, screen on, charge off"
"11/19/19","12:00:15","76","level changed, screen off, charge off"
"11/19/19","12:00:51","76","level changed, screen on, charge off"
"11/19/19","12:01:24","76","level changed, screen off, charge off"
"11/19/19","12:01:57","76","level changed, screen on, charge off"
"11/19/19","12:02:47","76","level changed, screen off, charge off"
"11/19/19","12:05:18","75","level changed, screen off, charge off"
"11/19/19","12:07:49","74","level changed, screen off, charge off"
"11/19/19","12:14:09","74","level changed, screen on, charge off"
"11/19/19","12:14:44","74","level changed, screen off, charge off"
"11/19/19","12:15:14","74","level changed, screen on, charge off"
"11/19/19","12:15:37","74","level changed, screen off, charge off"
"11/19/19","12:18:15","73","level changed, screen off, charge off"
"11/19/19","12:19:11","73","level changed, screen on, charge off"
"11/19/19","12:19:24","73","level changed, screen off, charge off"
"11/19/19","12:25:36","73","level changed, screen on, charge off"
"11/19/19","12:26:14","73","level changed, screen off, charge off"
"11/19/19","12:27:12","73","level changed, screen on, charge off"
"11/19/19","12:27:21","73","level changed, screen off, charge off"
"11/19/19","12:27:22","73","screen on, charge off"
"11/19/19","12:28:15","72","level changed, screen on, charge off"
"11/19/19","12:29:22","72","level changed, screen off, charge off"
"11/19/19","12:30:08","72","level changed, screen on, charge off"
"11/19/19","12:30:10","72","level changed, screen off, charge off"
"11/19/19","12:30:50","72","level changed, screen on, charge off"
"11/19/19","12:31:17","72","level changed, screen off, charge off"
"11/19/19","12:32:05","72","level changed, screen on, charge off"
"11/19/19","12:32:05","72","screen off, charge off"
"11/19/19","12:34:04","71","level changed, screen off, charge off"
"11/19/19","12:35:10","71","level changed, screen on, charge off"
"11/19/19","12:38:44","70","level changed, screen on, charge off"
"11/19/19","12:42:47","69","level changed, screen on, charge off"
"11/19/19","12:47:15","68","level changed, screen on, charge off"
"11/19/19","12:50:05","67","level changed, screen on, charge off"
"11/19/19","12:50:31","67","level changed, screen off, charge off"
"11/19/19","12:59:27","67","level changed, screen on, charge off"
"11/19/19","12:59:39","67","level changed, screen off, charge off"
"11/19/19","12:59:53","67","level changed, screen on, charge off"
"11/19/19","13:01:32","66","level changed, screen on, charge off"
"11/19/19","13:04:59","65","level changed, screen on, charge off"
"11/19/19","13:10:40","64","level changed, screen on, charge off"
"11/19/19","13:15:44","63","level changed, screen on, charge off"
"11/19/19","13:22:25","62","level changed, screen on, charge off"
"11/19/19","13:28:54","61","level changed, screen on, charge off"
"11/19/19","13:34:47","60","level changed, screen on, charge off"
"11/19/19","13:40:51","58","level changed, screen on, charge off"
"11/19/19","13:44:18","58","level changed, screen off, charge off"
"11/19/19","13:44:18","58","screen on, charge off"
"11/19/19","13:45:49","58","level changed, screen off, charge off"
"11/19/19","13:45:50","58","level changed, screen on, charge off"
"11/19/19","13:50:35","57","level changed, screen on, charge off"
"11/19/19","13:54:38","56","level changed, screen on, charge off"
"11/19/19","13:58:05","55","level changed, screen on, charge off"
"11/19/19","14:01:09","55","level changed, screen off, charge off"
"11/19/19","14:01:17","55","level changed, screen on, charge off"
"11/19/19","14:01:18","55","level changed, screen off, charge off"
"11/19/19","14:02:19","55","level changed, screen on, charge off"
"11/19/19","14:02:33","55","level changed, screen off, charge off"
"11/19/19","14:05:05","54","level changed, screen off, charge off"
"11/19/19","14:05:43","54","level changed, screen on, charge off"
"11/19/19","14:06:46","52","level changed, screen on, charge off"
"11/19/19","14:07:52","52","level changed, screen off, charge off"
"11/19/19","14:20:30","51","level changed, screen off, charge off"
"11/19/19","14:25:41","50","level changed, screen off, charge off"
"11/19/19","14:33:14","49","level changed, screen off, charge off"
"11/19/19","14:34:49","49","level changed, screen on, charge off"
"11/19/19","14:34:54","49","screen off, charge off"
"11/19/19","14:40:39","48","level changed, screen off, charge off"
"11/19/19","14:48:12","47","level changed, screen off, charge off"
"11/19/19","14:56:01","46","level changed, screen off, charge off"
"11/19/19","15:06:01","45","level changed, screen off, charge off"
"11/19/19","15:13:36","44","level changed, screen off, charge off"
"11/19/19","15:26:20","44","level changed, screen on, charge off"
"11/19/19","15:26:42","44","level changed, screen off, charge off"
"11/19/19","15:35:43","43","level changed, screen off, charge off"
"11/19/19","15:54:25","43","screen on, charge off"
"11/19/19","15:56:20","43","level changed, screen off, charge off"
"11/19/19","15:58:53","42","level changed, screen off, charge off"
"11/19/19","16:02:06","42","level changed, screen on, charge off"
"11/19/19","16:02:08","42","level changed, screen off, charge off"
"11/19/19","16:02:16","42","level changed, screen on, charge off"
"11/19/19","16:02:17","42","level changed, screen off, charge off"
"11/19/19","16:05:24","42","level changed, screen on, charge off"
"11/19/19","16:05:28","42","level changed, screen off, charge off"
"11/19/19","16:05:49","42","level changed, screen on, charge off"
"11/19/19","16:05:53","42","level changed, screen off, charge off"
"11/19/19","16:06:16","42","level changed, screen on, charge off"
"11/19/19","16:06:37","42","level changed, screen off, charge off"
"11/19/19","16:08:20","42","level changed, screen on, charge off"
"11/19/19","16:08:23","42","level changed, screen off, charge off"
"11/19/19","16:12:21","42","level changed, screen on, charge off"
"11/19/19","16:13:16","42","level changed, screen off, charge off"
"11/19/19","16:13:24","41","level changed, screen off, charge off"
"11/19/19","16:13:48","41","level changed, screen on, charge off"
"11/19/19","16:13:50","41","level changed, screen off, charge off"
"11/19/19","16:14:14","41","level changed, screen on, charge off"
"11/19/19","16:14:16","41","level changed, screen off, charge off"
"11/19/19","16:14:59","41","level changed, screen on, charge off"
"11/19/19","16:15:28","41","level changed, screen off, charge off"
"11/19/19","16:16:57","41","level changed, screen on, charge off"
"11/19/19","16:16:59","41","level changed, screen off, charge off"
"11/19/19","16:17:43","41","level changed, screen on, charge off"
"11/19/19","16:18:00","41","level changed, screen off, charge off"
"11/19/19","16:18:10","41","level changed, screen on, charge off"
"11/19/19","16:18:18","41","level changed, screen off, charge off"
"11/19/19","16:18:32","41","level changed, screen on, charge off"
"11/19/19","16:18:34","41","level changed, screen off, charge off"
"11/19/19","16:18:50","41","level changed, screen on, charge off"
"11/19/19","16:19:52","40","level changed, screen on, charge off"
"11/19/19","16:22:22","40","level changed, screen off, charge off"
"11/19/19","16:23:11","40","level changed, screen on, charge off"
"11/19/19","16:23:12","40","level changed, screen off, charge off"
"11/19/19","16:23:20","40","level changed, screen on, charge off"
"11/19/19","16:24:36","39","level changed, screen on, charge off"
"11/19/19","16:28:10","39","level changed, screen off, charge off"
"11/19/19","16:29:58","39","level changed, screen on, charge off"
"11/19/19","16:31:15","38","level changed, screen on, charge off"
"11/19/19","16:32:23","38","level changed, screen off, charge off"
"11/19/19","16:35:00","38","level changed, screen on, charge off"
"11/19/19","16:39:39","37","level changed, screen on, charge off"
"11/19/19","16:45:31","36","level changed, screen on, charge off"
"11/19/19","16:45:41","36","level changed, screen off, charge off"
"11/19/19","16:54:03","36","level changed, screen on, charge off"
"11/19/19","16:54:04","36","level changed, screen off, charge off"
"11/19/19","17:03:43","36","level changed, screen on, charge off"
"11/19/19","17:04:56","35","level changed, screen on, charge off"
"11/19/19","17:09:36","34","level changed, screen on, charge off"
"11/19/19","17:14:15","33","level changed, screen on, charge off"
"11/19/19","17:15:39","33","level changed, screen off, charge off"
"11/19/19","17:15:47","33","level changed, screen on, charge off"
"11/19/19","17:17:51","32","level changed, screen on, charge off"
"11/19/19","17:21:30","31","level changed, screen on, charge off"
"11/19/19","17:26:47","30","level changed, screen on, charge off"
"11/19/19","17:30:38","29","level changed, screen on, charge off"
"11/19/19","17:34:29","28","level changed, screen on, charge off"
"11/19/19","17:35:39","28","level changed, screen off, charge off"
"11/19/19","17:42:27","28","level changed, screen on, charge off"
"11/19/19","17:44:19","27","level changed, screen on, charge off"
"11/19/19","17:45:54","27","level changed, screen off, charge off"
"11/19/19","17:55:54","27","level changed, screen on, charge off"
"11/19/19","17:56:52","27","level changed, screen off, charge off"
"11/19/19","17:57:18","27","level changed, screen on, charge off"
"11/19/19","17:57:19","27","level changed, screen off, charge off"
"11/19/19","17:57:20","27","screen on, charge off"
"11/19/19","17:57:43","27","level changed, screen off, charge off"
"11/19/19","17:58:41","27","level changed, screen on, charge off"
"11/19/19","17:58:44","27","level changed, screen off, charge off"
"11/19/19","18:00:11","27","level changed, screen on, charge off"
"11/19/19","18:01:14","26","level changed, screen on, charge off"
"11/19/19","18:04:23","26","level changed, screen off, charge off"
"11/19/19","18:04:54","26","level changed, screen on, charge off"
"11/19/19","18:04:57","26","level changed, screen off, charge off"
"11/19/19","18:05:36","26","level changed, screen on, charge off"
"11/19/19","18:06:39","25","level changed, screen on, charge off"
"11/19/19","18:06:54","25","screen off, charge off"
"11/19/19","18:07:42","25","level changed, screen on, charge off"
"11/19/19","18:07:44","25","level changed, screen off, charge off"
"11/19/19","18:07:44","25","level changed, screen on, charge off"
"11/19/19","18:08:06","25","level changed, screen off, charge off"
"11/19/19","18:08:39","25","level changed, screen on, charge off"
"11/19/19","18:08:57","25","level changed, screen off, charge off"
"11/19/19","18:44:39","24","level changed, screen off, charge off"
"11/19/19","18:59:54","24","level changed, screen on, charge off"
"11/19/19","19:00:09","24","level changed, screen off, charge off"
"11/19/19","19:03:29","23","level changed, screen off, charge off"
"11/19/19","19:04:49","23","level changed, screen on, charge off"
"11/19/19","19:04:57","23","level changed, screen off, charge off"
"11/19/19","19:08:07","23","level changed, screen on, charge off"
"11/19/19","19:11:03","22","level changed, screen on, charge off"
"11/19/19","19:12:33","22","level changed, screen off, charge off"
"11/19/19","19:15:20","22","level changed, screen on, charge off"
"11/19/19","19:15:57","22","level changed, screen off, charge off"
"11/19/19","19:22:43","22","level changed, screen on, charge off"
"11/19/19","19:23:25","21","level changed, screen on, charge off"
"11/19/19","19:27:40","20","level changed, screen on, charge off"
"11/19/19","19:31:29","20","level changed, screen off, charge off"
"11/19/19","19:38:09","20","level changed, screen on, charge off"
"11/19/19","19:39:11","19","level changed, screen on, charge off"
"11/19/19","19:44:03","18","level changed, screen on, charge off"
"11/19/19","19:48:42","17","level changed, screen on, charge off"
"11/19/19","19:53:59","16","level changed, screen on, charge off"
"11/19/19","19:57:40","16","level changed, screen off, charge off"
"11/19/19","20:02:33","16","level changed, screen on, charge off"
"11/19/19","20:03:20","15","level changed, screen on, charge off, power saver on"
"11/19/19","20:06:26","15","level changed, screen off, charge off, power saver on"
"11/19/19","20:14:07","15","level changed, screen on, charge off, power saver on"
"11/19/19","20:14:17","15","level changed, screen off, charge off, power saver on"
"11/19/19","20:20:46","14","level changed, screen off, charge off, power saver on"
"11/19/19","20:26:13","14","level changed, screen on, charge off, power saver on"
"11/19/19","20:28:51","14","level changed, screen off, charge off, power saver on"
"11/19/19","20:48:55","14","level changed, screen on, charge off, power saver on"
"11/19/19","20:49:56","13","level changed, screen off, charge off, power saver on"
"11/19/19","20:49:56","13","level changed, screen off, charge off, power saver on"
"11/19/19","20:56:38","13","level changed, screen on, charge off, power saver on"
"11/19/19","20:57:17","13","level changed, screen off, charge off, power saver on"
"11/19/19","21:45:11","13","level changed, screen on, charge off, power saver on"
"11/19/19","21:46:25","12","level changed, screen on, charge off, power saver on"
"11/19/19","21:47:25","12","level changed, screen off, charge off, power saver on"
"11/19/19","21:57:43","12","level changed, screen on, charge off, power saver on"
"11/19/19","21:57:52","12","level changed, screen off, charge off, power saver on"
"11/19/19","22:00:43","12","level changed, screen on, charge off, power saver on"
"11/19/19","22:03:48","11","level changed, screen on, charge off, power saver on"
"11/19/19","22:06:55","11","level changed, screen off, charge off, power saver on"
"11/19/19","22:07:31","11","level changed, screen on, charge off, power saver on"
"11/19/19","22:07:35","11","level changed, screen off, charge off, power saver on"
"11/19/19","22:10:15","11","level changed, screen on, charge off, power saver on"
"11/19/19","22:10:17","11","level changed, screen off, charge off, power saver on"
"11/19/19","22:41:58","11","level changed, screen on, charge off, power saver on"
"11/19/19","22:42:00","11","level changed, screen off, charge off, power saver on"
"11/19/19","22:49:00","11","level changed, screen on, charge off, power saver on"
"11/19/19","22:49:01","10","level changed, screen on, charge off, power saver on"
"11/19/19","22:49:48","10","level changed, screen off, charge off, power saver on"
"11/19/19","22:50:07","10","level changed, screen on, charge off, power saver on"
"11/19/19","22:50:47","10","level changed, screen off, charge off, power saver on"
"11/19/19","23:49:22","9","level changed, screen off, charge off, power saver on"
"11/19/19","23:53:52","9","level changed, screen on, charge off, power saver on"
"11/19/19","23:54:24","9","level changed, screen off, charge off, power saver on"
"11/19/19","23:54:34","9","level changed, screen on, charge off, power saver on"
"11/19/19","23:57:14","8","level changed, screen on, charge off, power saver on"
"11/20/19","00:01:04","7","level changed, screen on, charge off, power saver on"
"11/20/19","00:02:20","7","plug, screen on"
"11/20/19","00:02:55","8","level changed, screen on, charge on"
"11/20/19","00:03:25","9","level changed, screen on, charge on"
"11/20/19","00:04:01","10","level changed, screen on, charge on"
"11/20/19","00:04:31","11","level changed, screen on, charge on"
"11/20/19","00:05:01","12","level changed, screen on, charge on"
"11/20/19","00:05:31","13","level changed, screen on, charge on"
"11/20/19","00:06:00","14","level changed, screen on, charge on"
"11/20/19","00:06:36","15","level changed, screen on, charge on"
"11/20/19","00:07:06","16","level changed, screen on, charge on"
"11/20/19","00:07:36","17","level changed, screen on, charge on"
"11/20/19","00:08:06","18","level changed, screen on, charge on"
"11/20/19","00:08:36","19","level changed, screen on, charge on"
"11/20/19","00:09:06","20","level changed, screen on, charge on"
"11/20/19","00:09:42","21","level changed, screen on, charge on"
"11/20/19","00:10:12","22","level changed, screen on, charge on"
"11/20/19","00:10:42","23","level changed, screen on, charge on"
"11/20/19","00:11:12","24","level changed, screen on, charge on"
"11/20/19","00:11:42","25","level changed, screen on, charge on"
"11/20/19","00:12:12","26","level changed, screen on, charge on"
"11/20/19","00:12:42","27","level changed, screen on, charge on"
"11/20/19","00:13:12","28","level changed, screen on, charge on"
"11/20/19","00:13:42","29","level changed, screen on, charge on"
"11/20/19","00:14:12","30","level changed, screen on, charge on"
"11/20/19","00:14:42","31","level changed, screen on, charge on"
"11/20/19","00:15:18","32","level changed, screen on, charge on"
"11/20/19","00:15:48","33","level changed, screen on, charge on"
"11/20/19","00:16:17","34","level changed, screen on, charge on"
"11/20/19","00:16:47","35","level changed, screen on, charge on"
"11/20/19","00:17:17","36","level changed, screen on, charge on"
"11/20/19","00:17:47","37","level changed, screen on, charge on"
"11/20/19","00:18:17","38","level changed, screen on, charge on"
"11/20/19","00:18:47","39","level changed, screen on, charge on"
"11/20/19","00:19:17","40","level changed, screen on, charge on"
"11/20/19","00:19:47","41","level changed, screen on, charge on"
"11/20/19","00:20:17","42","level changed, screen on, charge on"
"11/20/19","00:20:47","43","level changed, screen on, charge on"
"11/20/19","00:21:17","44","level changed, screen on, charge on"
"11/20/19","00:21:47","45","level changed, screen on, charge on"
"11/20/19","00:22:17","46","level changed, screen on, charge on"
"11/20/19","00:22:47","47","level changed, screen on, charge on"
"11/20/19","00:23:17","48","level changed, screen on, charge on"
"11/20/19","00:23:47","49","level changed, screen on, charge on"
"11/20/19","00:24:17","50","level changed, screen on, charge on"
"11/20/19","00:24:47","51","level changed, screen on, charge on"
"11/20/19","00:25:17","52","level changed, screen on, charge on"
"11/20/19","00:26:16","54","level changed, screen on, charge on"
"11/20/19","00:26:46","55","level changed, screen on, charge on"
"11/20/19","00:27:16","56","level changed, screen on, charge on"
"11/20/19","00:27:46","57","level changed, screen on, charge on"
"11/20/19","00:28:16","58","level changed, screen on, charge on"
"11/20/19","00:29:22","60","level changed, screen on, charge on"
"11/20/19","00:29:58","61","level changed, screen on, charge on"
"11/20/19","00:30:34","62","level changed, screen on, charge on"
"11/20/19","00:31:10","63","level changed, screen on, charge on"
"11/20/19","00:31:46","64","level changed, screen on, charge on"
"11/20/19","00:32:28","65","level changed, screen on, charge on"
"11/20/19","00:33:04","66","level changed, screen on, charge on"
"11/20/19","00:33:40","67","level changed, screen on, charge on"
"11/20/19","00:34:16","68","level changed, screen on, charge on"
"11/20/19","00:34:52","69","level changed, screen on, charge on"
"11/20/19","00:35:40","70","level changed, screen on, charge on"
"11/20/19","00:36:40","71","level changed, screen on, charge on"
"11/20/19","00:37:39","72","level changed, screen on, charge on"
"11/20/19","00:38:33","73","level changed, screen on, charge on"
"11/20/19","00:39:33","74","level changed, screen on, charge on"
"11/20/19","00:40:33","75","level changed, screen on, charge on"
"11/20/19","00:41:27","76","level changed, screen on, charge on"
"11/20/19","00:42:27","77","level changed, screen on, charge on"
"11/20/19","00:43:21","78","level changed, screen on, charge on"
"11/20/19","00:44:21","79","level changed, screen on, charge on"
"11/20/19","00:45:15","80","level changed, screen on, charge on"
"11/20/19","00:45:43","80","level changed, screen off, charge on"
"11/20/19","00:46:09","81","level changed, screen off, charge on"
"11/20/19","00:47:03","82","level changed, screen off, charge on"
"11/20/19","00:48:24","83","level changed, screen off, charge on"
"11/20/19","00:49:46","84","level changed, screen off, charge on"
"11/20/19","00:51:02","85","level changed, screen off, charge on"
"11/20/19","00:52:31","86","level changed, screen off, charge on"
"11/20/19","00:54:07","87","level changed, screen off, charge on"
"11/20/19","00:55:43","88","level changed, screen off, charge on"
"11/20/19","00:57:29","89","level changed, screen off, charge on"
"11/20/19","00:59:29","90","level changed, screen off, charge on"
"11/20/19","01:01:25","91","level changed, screen off, charge on"
"11/20/19","01:03:43","92","level changed, screen off, charge on"
"11/20/19","01:06:13","93","level changed, screen off, charge on"
"11/20/19","01:08:51","94","level changed, screen off, charge on"
"11/20/19","01:11:43","95","level changed, screen off, charge on"
"11/20/19","01:14:48","96","level changed, screen off, charge on"
"11/20/19","01:18:13","97","level changed, screen off, charge on"
"11/20/19","01:22:00","98","level changed, screen off, charge on"
"11/20/19","01:26:15","99","level changed, screen off, charge on"
"11/20/19","01:31:01","100","level changed, screen off, charge on"
"11/20/19","04:46:45","100","level changed, screen on, charge off"
"11/20/19","04:46:54","100","level changed, screen off, charge off"
"11/20/19","05:54:56","99","level changed, screen off, charge off"
"11/20/19","07:35:06","99","screen on, charge off, device idle on"
"11/20/19","07:35:26","99","level changed, screen off, charge off"
"11/20/19","07:36:22","99","level changed, screen on, charge off"
"11/20/19","07:36:59","98","level changed, screen on, charge off"
"11/20/19","07:44:41","97","level changed, screen on, charge off"
"11/20/19","07:49:08","97","level changed, screen off, charge off"
"11/20/19","08:32:33","96","level changed, screen off, charge off"
"11/20/19","08:42:26","96","level changed, screen on, charge off"
"11/20/19","08:42:43","96","level changed, screen off, charge off"
"11/20/19","09:20:01","96","screen on, charge off"
"11/20/19","09:21:05","95","level changed, screen on, charge off"
"11/20/19","09:24:56","94","level changed, screen on, charge off"
"11/20/19","09:29:36","93","level changed, screen on, charge off"
"11/20/19","09:33:51","92","level changed, screen on, charge off"
"11/20/19","09:39:07","91","level changed, screen on, charge off"
"11/20/19","09:42:34","90","level changed, screen on, charge off"
"11/20/19","09:48:15","89","level changed, screen on, charge off"
"11/20/19","09:53:19","88","level changed, screen on, charge off"
"11/20/19","09:58:35","87","level changed, screen on, charge off"
"11/20/19","10:02:00","87","level changed, screen off, charge off"
"11/20/19","10:06:10","87","level changed, screen on, charge off"
"11/20/19","10:07:11","86","level changed, screen on, charge off"
"11/20/19","10:12:27","85","level changed, screen on, charge off"
"11/20/19","10:16:30","84","level changed, screen on, charge off"
"11/20/19","10:21:34","83","level changed, screen on, charge off"
"11/20/19","10:26:02","82","level changed, screen on, charge off"
"11/20/19","10:28:52","81","level changed, screen on, charge off"
"11/20/19","10:31:22","81","level changed, screen off, charge off"
"11/20/19","10:34:01","80","level changed, screen off, charge off"
"11/20/19","10:34:53","80","level changed, screen on, charge off"
"11/20/19","10:38:57","79","level changed, screen on, charge off"
"11/20/19","10:43:25","78","level changed, screen on, charge off"
"11/20/19","10:45:36","78","level changed, screen off, charge off"
"11/20/19","10:45:38","78","screen on, charge off"
"11/20/19","10:47:40","77","level changed, screen on, charge off"
"11/20/19","10:48:02","77","level changed, screen off, charge off"
"11/20/19","10:48:03","77","level changed, screen on, charge off"
"11/20/19","10:50:42","77","level changed, screen off, charge off"
"11/20/19","10:50:55","77","level changed, screen on, charge off"
"11/20/19","10:51:57","76","level changed, screen on, charge off"
"11/20/19","10:55:12","76","level changed, screen off, charge off"
"11/20/19","11:00:58","75","level changed, screen off, charge off"
"11/20/19","11:43:13","75","level changed, screen on, charge off"
"11/20/19","11:44:09","75","level changed, screen off, charge off"
"11/20/19","11:45:00","74","level changed, screen off, charge off"
"11/20/19","11:45:44","74","level changed, screen on, charge off"
"11/20/19","11:48:15","74","level changed, screen off, charge off"
"11/20/19","11:57:09","74","level changed, screen on, charge off"
"11/20/19","11:58:09","73","level changed, screen on, charge off"
"11/20/19","12:01:48","72","level changed, screen on, charge off"
"11/20/19","12:06:16","71","level changed, screen on, charge off"
"11/20/19","12:10:43","70","level changed, screen on, charge off"
"11/20/19","12:14:47","69","level changed, screen on, charge off"
"11/20/19","12:18:38","68","level changed, screen on, charge off"
"11/20/19","12:20:43","68","level changed, screen off, charge off"
"11/20/19","12:28:08","68","level changed, screen on, charge off"
"11/20/19","12:29:12","67","level changed, screen on, charge off"
"11/20/19","12:31:53","67","level changed, screen off, charge off"
"11/20/19","12:43:23","66","level changed, screen off, charge off"
"11/20/19","12:59:03","66","level changed, screen on, charge off"
"11/20/19","12:59:05","66","level changed, screen off, charge off"
"11/20/19","13:06:35","66","level changed, screen on, charge off"
"11/20/19","13:06:36","66","level changed, screen off, charge off"
"11/20/19","13:14:14","66","level changed, screen on, charge off"
"11/20/19","13:14:15","66","level changed, screen off, charge off"
"11/20/19","13:35:05","66","level changed, screen on, charge off"
"11/20/19","13:36:08","65","level changed, screen on, charge off"
"11/20/19","13:36:19","65","level changed, screen off, charge off"
"11/20/19","13:39:38","65","level changed, screen on, charge off"
"11/20/19","13:39:39","65","level changed, screen off, charge off"
"11/20/19","13:41:00","65","level changed, screen on, charge off"
"11/20/19","13:43:38","64","level changed, screen on, charge off"
"11/20/19","13:48:17","63","level changed, screen on, charge off"
"11/20/19","13:54:22","62","level changed, screen on, charge off"
"11/20/19","13:58:25","61","level changed, screen on, charge off"
"11/20/19","14:03:29","60","level changed, screen on, charge off"
"11/20/19","14:05:46","60","level changed, screen off, charge off"
"11/20/19","14:06:38","60","level changed, screen on, charge off"
"11/20/19","14:08:54","58","level changed, screen on, charge off"
"11/20/19","14:14:13","58","level changed, screen off, charge off"
"11/20/19","14:15:33","58","level changed, screen on, charge off"
"11/20/19","14:15:53","58","level changed, screen off, charge off"
"11/20/19","14:18:23","58","level changed, screen on, charge off"
"11/20/19","14:20:39","57","level changed, screen on, charge off"
"11/20/19","14:21:05","57","level changed, screen off, charge off"
"11/20/19","14:24:07","57","level changed, screen on, charge off"
"11/20/19","14:24:49","57","level changed, screen off, charge off"
"11/20/19","14:25:18","57","level changed, screen on, charge off"
"11/20/19","14:25:27","57","level changed, screen off, charge off"
"11/20/19","14:38:27","57","level changed, screen on, charge off"
"11/20/19","14:38:28","57","level changed, screen off, charge off"
"11/20/19","14:38:36","57","level changed, screen on, charge off"
"11/20/19","14:38:38","57","level changed, screen off, charge off"
"11/20/19","14:44:15","56","level changed, screen off, charge off"
"11/20/19","14:46:57","56","screen on, charge off"
"11/20/19","14:47:30","56","level changed, screen off, charge off"
"11/20/19","14:49:06","56","level changed, screen on, charge off"
"11/20/19","14:49:32","56","level changed, screen off, charge off"
"11/20/19","14:55:52","56","level changed, screen on, charge off"
"11/20/19","14:55:57","56","level changed, screen off, charge off"
"11/20/19","14:59:12","56","level changed, screen on, charge off"
"11/20/19","15:00:15","55","level changed, screen on, charge off"
"11/20/19","15:00:43","55","level changed, screen off, charge off"
"11/20/19","15:00:51","55","level changed, screen on, charge off"
"11/20/19","15:01:00","55","level changed, screen off, charge off"
"11/20/19","15:01:53","55","level changed, screen on, charge off"
"11/20/19","15:05:12","55","level changed, screen off, charge off"
"11/20/19","15:07:00","55","level changed, screen on, charge off"
"11/20/19","15:07:19","55","level changed, screen off, charge off"
"11/20/19","15:08:31","55","level changed, screen on, charge off"
"11/20/19","15:09:31","54","level changed, screen on, charge off"
"11/20/19","15:10:13","54","level changed, screen off, charge off"
"11/20/19","15:12:56","54","level changed, screen on, charge off"
"11/20/19","15:13:13","54","level changed, screen off, charge off"
"11/20/19","15:15:55","52","level changed, screen off, charge off"
"11/20/19","15:19:32","52","level changed, screen on, charge off"
"11/20/19","15:19:56","52","level changed, screen off, charge off"
"11/20/19","15:21:24","52","level changed, screen on, charge off"
"11/20/19","15:21:24","52","screen off, charge off"
"11/20/19","15:22:11","52","level changed, screen on, charge off"
"11/20/19","15:22:32","52","screen off, charge off"
"11/20/19","15:22:51","52","level changed, screen on, charge off"
"11/20/19","15:26:20","52","level changed, screen off, charge off"
"11/20/19","15:27:11","52","level changed, screen on, charge off"
"11/20/19","15:29:34","52","level changed, screen off, charge off"
"11/20/19","15:29:36","51","level changed, screen off, charge off"
"11/20/19","15:30:47","51","level changed, screen on, charge off"
"11/20/19","15:31:09","51","level changed, screen off, charge off"
"11/20/19","15:33:06","51","level changed, screen on, charge off"
"11/20/19","15:33:52","51","level changed, screen off, charge off"
"11/20/19","15:41:06","51","level changed, screen on, charge off"
"11/20/19","15:41:17","51","level changed, screen off, charge off"
"11/20/19","15:44:44","50","level changed, screen off, charge off"
"11/20/19","15:55:39","50","level changed, screen on, charge off"
"11/20/19","15:56:32","50","level changed, screen off, charge off"
"11/20/19","16:07:59","50","level changed, screen on, charge off"
"11/20/19","16:08:31","50","level changed, screen off, charge off"
"11/20/19","16:09:10","50","level changed, screen on, charge off"
"11/20/19","16:10:11","49","level changed, screen on, charge off"
"11/20/19","16:11:11","49","level changed, screen off, charge off"
"11/20/19","16:11:27","49","level changed, screen on, charge off"
"11/20/19","16:12:27","48","level changed, screen on, charge off"
"11/20/19","16:16:08","48","level changed, screen off, charge off"
"11/20/19","16:19:14","48","level changed, screen on, charge off"
"11/20/19","16:19:15","48","level changed, screen off, charge off"
"11/20/19","16:22:45","48","level changed, screen on, charge off"
"11/20/19","16:22:48","48","level changed, screen off, charge off"
"11/20/19","16:23:00","48","level changed, screen on, charge off"
"11/20/19","16:24:02","47","level changed, screen on, charge off"
"11/20/19","16:25:58","47","level changed, screen off, charge off"
"11/20/19","16:26:00","47","level changed, screen on, charge off"
"11/20/19","16:27:43","47","level changed, screen off, charge off"
"11/20/19","16:31:06","46","level changed, screen on, charge off"
"11/20/19","16:31:06","46","level changed, screen on, charge off"
"11/20/19","16:32:04","46","level changed, screen off, charge off"
"11/20/19","16:32:27","46","level changed, screen on, charge off"
"11/20/19","16:32:46","46","level changed, screen off, charge off"
"11/20/19","16:35:48","46","level changed, screen on, charge off"
"11/20/19","16:37:23","46","level changed, screen off, charge off"
"11/20/19","16:39:59","46","level changed, screen on, charge off"
"11/20/19","16:40:00","45","level changed, screen on, charge off"
"11/20/19","16:40:34","45","level changed, screen off, charge off"
"11/20/19","16:44:30","45","level changed, screen on, charge off"
"11/20/19","16:45:08","45","level changed, screen off, charge off"
"11/20/19","16:45:16","45","level changed, screen on, charge off"
"11/20/19","16:45:17","45","level changed, screen off, charge off"
"11/20/19","16:45:19","45","level changed, screen on, charge off"
"11/20/19","16:45:19","45","level changed, screen off, charge off"
"11/20/19","16:46:24","45","level changed, screen on, charge off"
"11/20/19","16:46:27","45","level changed, screen off, charge off"
"11/20/19","16:52:47","45","level changed, screen on, charge off"
"11/20/19","16:53:48","44","level changed, screen on, charge off"
"11/20/19","16:56:38","43","level changed, screen on, charge off"
"11/20/19","16:58:07","43","level changed, screen off, charge off"
"11/20/19","17:25:46","42","level changed, screen off, charge off"
"11/20/19","17:52:13","41","level changed, screen off, charge off"
"11/20/19","18:14:48","41","level changed, screen on, charge off, device idle on"
"11/20/19","18:16:52","40","level changed, screen on, charge off"
"11/20/19","18:17:04","40","level changed, screen off, charge off"
"11/20/19","18:20:45","40","level changed, screen on, charge off"
"11/20/19","18:22:45","39","level changed, screen on, charge off"
"11/20/19","18:27:00","38","level changed, screen on, charge off"
"11/20/19","18:30:51","37","level changed, screen on, charge off"
"11/20/19","18:31:48","37","level changed, screen off, charge off"
"11/20/19","18:34:39","37","level changed, screen on, charge off"
"11/20/19","18:37:09","36","level changed, screen on, charge off"
"11/20/19","18:38:50","36","level changed, screen off, charge off"
"11/20/19","18:39:39","36","level changed, screen on, charge off"
"11/20/19","18:39:42","36","level changed, screen off, charge off"
"11/20/19","19:05:57","36","level changed, screen on, charge off"
"11/20/19","19:06:12","36","level changed, screen off, charge off"
"11/20/19","19:09:15","35","level changed, screen off, charge off"
"11/20/19","19:16:08","35","level changed, screen on, charge off"
"11/20/19","19:16:18","35","level changed, screen off, charge off"
"11/20/19","19:26:10","35","level changed, screen on, charge off"
"11/20/19","19:26:11","35","level changed, screen off, charge off"
"11/20/19","19:39:44","35","level changed, screen on, charge off"
"11/20/19","19:40:06","35","level changed, screen off, charge off"
"11/20/19","19:41:30","35","level changed, screen on, charge off"
"11/20/19","19:41:33","35","level changed, screen off, charge off"
"11/20/19","19:42:10","34","level changed, screen off, charge off"
"11/20/19","19:42:42","34","level changed, screen on, charge off"
"11/20/19","19:42:46","34","level changed, screen off, charge off"
"11/20/19","19:46:04","34","level changed, screen on, charge off"
"11/20/19","19:46:06","34","level changed, screen off, charge off"
"11/20/19","19:46:07","34","screen on, charge off"
"11/20/19","19:46:08","34","level changed, screen off, charge off"
"11/20/19","19:52:08","33","level changed, screen off, charge off"
"11/20/19","19:55:31","33","level changed, screen on, charge off"
"11/20/19","19:55:37","33","level changed, screen off, charge off"
"11/20/19","20:03:39","33","level changed, screen on, charge off"
"11/20/19","20:03:47","33","level changed, screen off, charge off"
"11/20/19","20:10:23","33","level changed, screen on, charge off"
"11/20/19","20:11:46","33","level changed, screen off, charge off"
"11/20/19","20:11:53","32","level changed, screen off, charge off"
"11/20/19","20:16:06","32","level changed, screen on, charge off"
"11/20/19","20:16:11","32","level changed, screen off, charge off"
"11/20/19","20:34:03","31","level changed, screen off, charge off"
"11/20/19","20:52:05","31","level changed, screen on, charge off"
"11/20/19","20:53:44","30","level changed, screen on, charge off"
"11/20/19","20:54:56","30","level changed, screen off, charge off"
"11/20/19","20:56:37","30","level changed, screen on, charge off"
"11/20/19","20:56:43","30","level changed, screen off, charge off"
"11/20/19","20:58:28","30","level changed, screen on, charge off"
"11/20/19","21:00:29","29","level changed, screen on, charge off"
"11/20/19","21:02:08","29","level changed, screen off, charge off"
"11/20/19","21:06:34","29","level changed, screen on, charge off"
"11/20/19","21:07:37","29","level changed, screen off, charge off"
"11/20/19","21:10:26","28","level changed, screen off, charge off"
"11/20/19","21:43:48","28","level changed, screen on, charge off"
"11/20/19","21:44:49","27","level changed, screen on, charge off"
"11/20/19","21:47:39","26","level changed, screen on, charge off"
"11/20/19","21:48:28","26","level changed, screen off, charge off"
"11/20/19","21:51:51","26","level changed, screen on, charge off"
"11/20/19","21:52:31","26","level changed, screen off, charge off"
"11/20/19","22:08:08","25","level changed, screen off, charge off"
"11/20/19","22:18:09","25","level changed, screen on, charge off"
"11/20/19","22:19:45","25","level changed, screen off, charge off"
"11/20/19","22:20:53","25","level changed, screen on, charge off"
"11/20/19","22:22:39","25","level changed, screen off, charge off"
"11/20/19","22:22:58","24","level changed, screen off, charge off"
"11/20/19","23:06:43","24","level changed, screen on, charge off"
"11/20/19","23:07:43","23","level changed, screen on, charge off"
"11/20/19","23:08:28","23","level changed, screen off, charge off"
"11/20/19","23:23:10","23","level changed, screen on, charge off"
"11/20/19","23:23:12","23","level changed, screen off, charge off"
"11/20/19","23:29:57","23","level changed, screen on, charge off"
"11/20/19","23:30:01","23","level changed, screen off, charge off"
"11/20/19","23:40:54","22","level changed, screen off, charge off"
"11/20/19","23:53:42","22","level changed, screen on, charge off"
"11/20/19","23:53:47","22","level changed, screen off, charge off"
"11/20/19","23:56:55","22","level changed, screen on, charge off"
"11/21/19","00:00:11","21","level changed, screen on, charge off"
"11/21/19","00:01:04","21","level changed, screen off, charge off"
"11/21/19","00:04:46","21","level changed, screen on, charge off"
"11/21/19","00:05:23","21","level changed, screen off, charge off"
"11/21/19","00:06:48","21","level changed, screen on, charge off"
"11/21/19","00:06:56","21","level changed, screen off, charge off"
"11/21/19","00:10:28","21","level changed, screen on, charge off"
"11/21/19","00:10:45","21","level changed, screen off, charge off"
"11/21/19","00:13:21","20","level changed, screen off, charge off"
"11/21/19","00:15:47","20","level changed, screen on, charge off"
"11/21/19","00:16:03","20","level changed, screen off, charge off"
"11/21/19","00:18:27","20","level changed, screen on, charge off"
"11/21/19","00:18:36","20","level changed, screen off, charge off"
"11/21/19","00:19:10","20","level changed, screen on, charge off"
"11/21/19","00:19:13","20","level changed, screen off, charge off"
"11/21/19","00:23:50","20","level changed, screen on, charge off"
"11/21/19","00:24:11","20","level changed, screen off, charge off"
"11/21/19","00:27:42","20","level changed, screen on, charge off"
"11/21/19","00:28:24","20","level changed, screen off, charge off"
"11/21/19","00:31:03","19","level changed, screen off, charge off"
"11/21/19","00:31:11","19","level changed, screen on, charge off"
"11/21/19","00:35:03","18","level changed, screen on, charge off"
"11/21/19","00:35:12","18","level changed, screen off, charge off"
"11/21/19","00:35:48","18","level changed, screen on, charge off"
"11/21/19","00:36:27","18","level changed, screen off, charge off"
"11/21/19","00:37:51","18","level changed, screen on, charge off"
"11/21/19","00:40:48","18","level changed, screen off, charge off"
"11/21/19","00:43:21","17","level changed, screen off, charge off"
"11/21/19","00:48:57","17","level changed, screen on, charge off"
"11/21/19","00:50:38","17","level changed, screen off, charge off"
"11/21/19","00:51:25","17","level changed, screen on, charge off"
"11/21/19","00:51:26","17","level changed, screen off, charge off"
"11/21/19","00:53:42","17","level changed, screen on, charge off"
"11/21/19","00:54:03","17","level changed, screen off, charge off"
"11/21/19","00:55:21","17","level changed, screen on, charge off"
"11/21/19","00:55:32","17","level changed, screen off, charge off"
"11/21/19","00:55:40","17","level changed, screen on, charge off"
"11/21/19","00:56:24","16","level changed, screen on, charge off"
"11/21/19","00:57:32","16","level changed, screen off, charge off"
"11/21/19","01:10:54","16","level changed, screen on, charge off"
"11/21/19","01:11:56","15","level changed, screen on, charge off, power saver on"
"11/21/19","01:15:35","14","level changed, screen on, charge off, power saver on"
"11/21/19","01:19:39","13","level changed, screen on, charge off, power saver on"
"11/21/19","01:23:43","12","level changed, screen on, charge off, power saver on"
"11/21/19","01:25:53","11","level changed, screen on, charge off, power saver on"
"11/21/19","01:26:27","11","level changed, screen on, charge on"
"11/21/19","01:26:55","12","level changed, screen on, charge on"
"11/21/19","01:27:31","13","level changed, screen on, charge on"
"11/21/19","01:28:01","14","level changed, screen on, charge on"
"11/21/19","01:28:37","15","level changed, screen on, charge on"
"11/21/19","01:29:07","16","level changed, screen on, charge on"
"11/21/19","01:29:43","17","level changed, screen on, charge on"
"11/21/19","01:30:13","18","level changed, screen on, charge on"
"11/21/19","01:30:49","19","level changed, screen on, charge on"
"11/21/19","01:31:19","20","level changed, screen on, charge on"
"11/21/19","01:32:01","21","level changed, screen on, charge on"
"11/21/19","01:32:31","22","level changed, screen on, charge on"
"11/21/19","01:33:07","23","level changed, screen on, charge on"
"11/21/19","01:33:36","24","level changed, screen on, charge on"
"11/21/19","01:34:12","25","level changed, screen on, charge on"
"11/21/19","01:34:42","26","level changed, screen on, charge on"
"11/21/19","01:35:18","27","level changed, screen on, charge on"
"11/21/19","01:35:48","28","level changed, screen on, charge on"
"11/21/19","01:36:24","29","level changed, screen on, charge on"
"11/21/19","01:36:54","30","level changed, screen on, charge on"
"11/21/19","01:37:30","31","level changed, screen on, charge on"
"11/21/19","01:38:00","32","level changed, screen on, charge on"
"11/21/19","01:38:36","33","level changed, screen on, charge on"
"11/21/19","01:38:54","33","level changed, screen off, charge on"
"11/21/19","01:39:06","34","level changed, screen off, charge on"
"11/21/19","01:39:42","35","level changed, screen off, charge on"
"11/21/19","01:40:12","36","level changed, screen off, charge on"
"11/21/19","01:40:48","37","level changed, screen off, charge on"
"11/21/19","01:41:24","38","level changed, screen off, charge on"
"11/21/19","01:42:06","39","level changed, screen off, charge on"
"11/21/19","01:42:48","40","level changed, screen off, charge on"
"11/21/19","01:43:24","41","level changed, screen off, charge on"
"11/21/19","01:44:05","42","level changed, screen off, charge on"
"11/21/19","01:44:47","43","level changed, screen off, charge on"
"11/21/19","01:45:23","44","level changed, screen off, charge on"
"11/21/19","01:46:05","45","level changed, screen off, charge on"
"11/21/19","01:46:41","46","level changed, screen off, charge on"
"11/21/19","01:47:17","47","level changed, screen off, charge on"
"11/21/19","01:47:47","48","level changed, screen off, charge on"
"11/21/19","01:48:23","49","level changed, screen off, charge on"
"11/21/19","01:48:59","50","level changed, screen off, charge on"
"11/21/19","01:49:35","51","level changed, screen off, charge on"
"11/21/19","01:50:11","52","level changed, screen off, charge on"
"11/21/19","01:51:23","54","level changed, screen off, charge on"
"11/21/19","01:51:53","55","level changed, screen off, charge on"
"11/21/19","01:52:29","56","level changed, screen off, charge on"
"11/21/19","01:53:05","57","level changed, screen off, charge on"
"11/21/19","01:53:41","58","level changed, screen off, charge on"
"11/21/19","01:54:52","60","level changed, screen off, charge on"
"11/21/19","01:55:28","61","level changed, screen off, charge on"
"11/21/19","01:56:04","62","level changed, screen off, charge on"
"11/21/19","01:56:40","63","level changed, screen off, charge on"
"11/21/19","01:57:16","64","level changed, screen off, charge on"
"11/21/19","01:57:52","65","level changed, screen off, charge on"
"11/21/19","01:58:28","66","level changed, screen off, charge on"
"11/21/19","01:59:04","67","level changed, screen off, charge on"
"11/21/19","01:59:40","68","level changed, screen off, charge on"
"11/21/19","02:00:16","69","level changed, screen off, charge on"
"11/21/19","02:01:04","70","level changed, screen off, charge on"
"11/21/19","02:01:52","71","level changed, screen off, charge on"
"11/21/19","02:02:46","72","level changed, screen off, charge on"
"11/21/19","02:03:40","73","level changed, screen off, charge on"
"11/21/19","02:04:34","74","level changed, screen off, charge on"
"11/21/19","02:05:27","75","level changed, screen off, charge on"
"11/21/19","02:06:23","76","level changed, screen off, charge on"
"11/21/19","02:07:21","77","level changed, screen off, charge on"
"11/21/19","02:08:15","78","level changed, screen off, charge on"
"11/21/19","02:09:09","79","level changed, screen off, charge on"
"11/21/19","02:10:03","80","level changed, screen off, charge on"
"11/21/19","02:10:57","81","level changed, screen off, charge on"
"11/21/19","02:12:00","82","level changed, screen off, charge on"
"11/21/19","02:13:15","83","level changed, screen off, charge on"
"11/21/19","02:14:38","84","level changed, screen off, charge on"
"11/21/19","02:16:08","85","level changed, screen off, charge on"
"11/21/19","02:17:36","86","level changed, screen off, charge on"
"11/21/19","02:19:13","87","level changed, screen off, charge on"
"11/21/19","02:21:02","88","level changed, screen off, charge on"
"11/21/19","02:22:51","89","level changed, screen off, charge on"
"11/21/19","02:24:56","90","level changed, screen off, charge on"
"11/21/19","02:27:05","91","level changed, screen off, charge on"
"11/21/19","02:29:36","92","level changed, screen off, charge on"
"11/21/19","02:32:08","93","level changed, screen off, charge on"
"11/21/19","02:34:51","94","level changed, screen off, charge on"
"11/21/19","02:37:56","95","level changed, screen off, charge on"
"11/21/19","02:41:29","96","level changed, screen off, charge on"
"11/21/19","02:45:27","97","level changed, screen off, charge on"
"11/21/19","02:50:03","98","level changed, screen off, charge on"
"11/21/19","02:55:05","99","level changed, screen off, charge on"
"11/21/19","02:56:50","100","level changed, screen off, charge on"
"11/21/19","08:17:04","100","level changed, screen on, charge on"
"11/21/19","08:17:07","100","level changed, screen off, charge off"
"11/21/19","08:17:07","100","level changed, screen off, charge off"
"11/21/19","08:17:09","100","level changed, screen on, charge off"
"11/21/19","08:21:13","100","level changed, screen off, charge off"
"11/21/19","08:24:13","99","level changed, screen off, charge off"
"11/21/19","08:28:18","98","level changed, screen off, charge off"
"11/21/19","09:00:27","97","level changed, screen off, charge off"
"11/21/19","09:56:38","96","level changed, screen off, charge off"
"11/21/19","10:00:01","96","screen on, charge off"
"11/21/19","10:04:39","95","level changed, screen on, charge off"
"11/21/19","10:09:56","94","level changed, screen on, charge off"
"11/21/19","10:09:58","94","level changed, screen off, charge off"
"11/21/19","10:10:55","94","level changed, screen on, charge off"
"11/21/19","10:10:58","94","level changed, screen off, charge off"
"11/21/19","10:10:59","94","level changed, screen on, charge off"
"11/21/19","10:17:11","93","level changed, screen on, charge off"
"11/21/19","10:22:28","92","level changed, screen on, charge off"
"11/21/19","10:29:33","91","level changed, screen on, charge off"
"11/21/19","10:36:51","90","level changed, screen on, charge off"
"11/21/19","10:43:20","89","level changed, screen on, charge off"
"11/21/19","10:44:11","89","level changed, screen off, charge off"
"11/21/19","10:44:31","89","level changed, screen on, charge off"
"11/21/19","10:44:36","89","level changed, screen off, charge off"
"11/21/19","10:45:23","89","level changed, screen on, charge off"
"11/21/19","10:45:27","89","level changed, screen off, charge off"
"11/21/19","10:57:14","89","level changed, screen on, charge off"
"11/21/19","10:57:24","89","level changed, screen off, charge off"
"11/21/19","11:00:01","89","level changed, screen on, charge off"
"11/21/19","11:01:19","88","level changed, screen on, charge off"
"11/21/19","11:05:46","87","level changed, screen on, charge off"
"11/21/19","11:09:19","87","level changed, screen off, charge off"
"11/21/19","11:23:38","86","level changed, screen off, charge off"
"11/21/19","11:28:37","86","level changed, screen on, charge off"
"11/21/19","11:28:47","86","level changed, screen off, charge off"
"11/21/19","12:04:12","86","level changed, screen on, charge off"
"11/21/19","12:04:22","86","level changed, screen off, charge off"
"11/21/19","12:28:14","86","level changed, screen on, charge off, device idle on"
"11/21/19","12:29:15","85","level changed, screen on, charge off"
"11/21/19","12:33:42","84","level changed, screen on, charge off"
"11/21/19","12:36:11","84","level changed, screen off, charge off"
"11/21/19","12:38:02","84","level changed, screen on, charge off"
"11/21/19","12:38:24","84","level changed, screen off, charge off"
"11/21/19","12:41:10","84","level changed, screen on, charge off"
"11/21/19","12:42:10","83","level changed, screen on, charge off"
"11/21/19","12:46:26","82","level changed, screen on, charge off"
"11/21/19","12:51:18","81","level changed, screen on, charge off"
"11/21/19","12:56:12","81","level changed, screen off, charge off"
"11/21/19","12:57:55","81","level changed, screen on, charge off"
"11/21/19","12:58:56","80","level changed, screen on, charge off"
"11/21/19","13:00:46","80","level changed, screen off, charge off"
"11/21/19","13:03:25","80","level changed, screen on, charge off"
"11/21/19","13:03:26","80","level changed, screen off, charge off"
"11/21/19","13:08:49","79","level changed, screen off, charge off"
"11/21/19","13:32:26","79","level changed, screen on, charge off"
"11/21/19","13:35:21","79","level changed, screen off, charge off"
"11/21/19","13:35:22","79","screen on, charge off"
"11/21/19","13:35:44","78","level changed, screen on, charge off"
"11/21/19","13:39:47","77","level changed, screen on, charge off"
"11/21/19","13:44:51","76","level changed, screen on, charge off"
"11/21/19","13:49:55","75","level changed, screen on, charge off"
"11/21/19","13:53:22","74","level changed, screen on, charge off"
"11/21/19","13:57:01","73","level changed, screen on, charge off"
"11/21/19","14:00:28","72","level changed, screen on, charge off"
"11/21/19","14:00:49","72","level changed, screen off, charge off"
"11/21/19","14:01:19","72","level changed, screen on, charge off"
"11/21/19","14:01:33","72","level changed, screen off, charge off"
"11/21/19","14:01:46","72","level changed, screen on, charge off"
"11/21/19","14:03:04","72","level changed, screen off, charge off"
"11/21/19","14:03:45","72","level changed, screen on, charge off"
"11/21/19","14:03:49","72","level changed, screen off, charge off"
"11/21/19","14:04:31","72","level changed, screen on, charge off"
"11/21/19","14:04:33","72","level changed, screen off, charge off"
"11/21/19","14:04:33","72","level changed, screen on, charge off"
"11/21/19","14:04:39","72","level changed, screen off, charge off"
"11/21/19","14:07:51","71","level changed, screen off, charge off"
"11/21/19","14:09:34","71","level changed, screen on, charge off"
"11/21/19","14:09:38","71","level changed, screen off, charge off"
"11/21/19","14:10:38","71","level changed, screen on, charge off"
"11/21/19","14:10:39","71","level changed, screen off, charge off"
"11/21/19","14:16:26","71","level changed, screen on, charge off"
"11/21/19","14:16:33","71","level changed, screen off, charge off"
"11/21/19","14:19:12","71","level changed, screen on, charge off"
"11/21/19","14:19:43","71","level changed, screen off, charge off"
"11/21/19","14:19:51","71","level changed, screen on, charge off"
"11/21/19","14:20:47","71","level changed, screen off, charge off"
"11/21/19","14:21:03","71","level changed, screen on, charge off"
"11/21/19","14:21:18","71","level changed, screen off, charge off"
"11/21/19","14:22:27","71","level changed, screen on, charge off"
"11/21/19","14:22:27","71","screen off, charge off"
"11/21/19","14:25:05","70","level changed, screen off, charge off"
"11/21/19","14:31:55","70","level changed, screen on, charge off"
"11/21/19","14:32:03","70","level changed, screen off, charge off"
"11/21/19","14:34:23","70","level changed, screen on, charge off"
"11/21/19","14:37:40","69","level changed, screen on, charge off"
"11/21/19","14:39:58","69","level changed, screen off, charge off"
"11/21/19","14:56:44","69","level changed, screen on, charge off"
"11/21/19","14:59:10","68","level changed, screen on, charge off"
"11/21/19","15:04:35","68","level changed, screen off, charge off"
"11/21/19","15:10:24","68","level changed, screen on, charge off"
"11/21/19","15:11:25","67","level changed, screen on, charge off"
"11/21/19","15:11:51","67","level changed, screen off, charge off"
"11/21/19","15:13:46","67","level changed, screen on, charge off"
"11/21/19","15:16:37","67","level changed, screen on, charge off"
""
"Battery history, November 21, 2019 - November 9, 2019"
"Created by App Usage on Thursday, November 21, 2019, 15:16"
